Name,Description,Price,Images,Video,Sizes,Live,Storage 📁
"D003 - ""Hallelujah"" Meshback Hat","Premium corduroy and mesh panels
<br/>
Cut & sewn for optimal structure and unique fit
<br/>
Details feature a mixture of raised and standard embroidery
<br/>
Snapback fastener: One size fits all
<br/>
<br/>
Note: This item is ready to ship",$85.00,hatcheckout.jpg (https://v5.airtableusercontent.com/v3/u/48/48/1766340000000/GwYUZf-PLXM991WtIIJPGg/JWgcpM-NHyZJ6KJsyUgwlNPZ0SStGPhSgO0qWqjPFM1_hmEydjVLPu_9-fZqAiY27lLxZ5I2tL0GBIqy76qAUYH3BNhFXtKcKMDZBbd87gpyq8fLYCS0DX12aRRgG3VJP9CrJCE0-fm1O73osLXH7Q/BTy5zIvncLy6fTejPPP80PDazT5Rl3jL15it8ln_htI),blackhatrender-1080-60size.mp4 (https://v5.airtableusercontent.com/v3/u/48/48/1766340000000/LymunjwVjIRTKi5nut1y5w/neUR_Wa3HE1xTcZ-uVXcP1KIstxN7pvEskXm6yNtQ8zDylMofNSXruDxRPtaVF5L71M4TBQmP2agN4STK0i00PIebDBAD66iavYsS3kXvEvKH7QV_tP_Nr1Bc98YXCSqEoYIvyRLEuM5MXaBhKkB_uOBxKI-83I9PlDU-JZk0Ig/Jy8-XymZ7zAR79gkGm4tugu33e06tz4_ANbhh8BqzGE),One Size,checked,hat1080HB.mp4 (https://v5.airtableusercontent.com/v3/u/48/48/1766340000000/A8o-MpKu4VeLcmIFf_QvNA/CtzI0c9rEjiBaDoAmXFhAxQme0YSBsVt_8jrwgZVIOZY1YwtCvHoYMikqJsdceDv7PN4m_h6LjnA9IA6lskhLspQZ8MiVElYto5-mPB7ArQmJh7SRCn-R5A7-carUU6hj1y4gHWXhYjUXfo08zMD_w/b3eRMQpsZ3yxJ0RtWAc__VCcWqxsCjLPqxtCStTaWZE)
"D004 - ""Neapolitan"" Meshback Hat","Premium stiffened corduroy and mesh panels
<br/>
Cut & sewn for optimal structure and unique fit
<br/>
Details feature a mixture of 3D and standard embroidery
<br/>
Snapback fastener: One size fits all
<br/>
<br/>
Note: This item is ready to ship. 
<br/>",$85.00,neapolitancheckout.jpg (https://v5.airtableusercontent.com/v3/u/48/48/1766340000000/UZowN08UfP2Sx-JFRICaAQ/gaQXkTRQDI2E-n4QrTeVA_lQ7sMe7Sp8de9m43ZyhFY79warZabWvM_rY4ehQ2_56bpuTCeStyhAOlRTOHECCrmCYyNoJKHT4nfJYiu0y9V3s_JXTW2qSPHkFfuff_m5Eh3yLfggTlZ2iYsvZFKhgB2feBtYV9l7jwjOHxvjrwk/OASXlgB2-BHxNCm5G_s-DVvZY6i06iDPVbXIoK71-kI),neapolitan-1080-60size.mp4 (https://v5.airtableusercontent.com/v3/u/48/48/1766340000000/XWVcchG98l5aKUEE5osNbg/vj9rEuFf21FrHZq3wFKl-svYpXZm0yEi_H6GQo768Ah_koR45ET_1zpIuzAcC4tyS-BfDKH5FCdqUsIIWuWsykNpKMasZ4AdZaoWwnAVR6zKVranSQLFhJjgGWIl8dtTEyVMEviwPzMwklfgj8gJ9s6NugRo8qW5TmzmQp4x7ZM/F1F1rEoMPjumv79HS2C5ZBRqLoMdPnrDggHkTWi0NL8),One Size,checked,hat1080HB.mp4 (https://v5.airtableusercontent.com/v3/u/48/48/1766340000000/A8o-MpKu4VeLcmIFf_QvNA/CtzI0c9rEjiBaDoAmXFhAxQme0YSBsVt_8jrwgZVIOZY1YwtCvHoYMikqJsdceDv7PN4m_h6LjnA9IA6lskhLspQZ8MiVElYto5-mPB7ArQmJh7SRCn-R5A7-carUU6hj1y4gHWXhYjUXfo08zMD_w/b3eRMQpsZ3yxJ0RtWAc__VCcWqxsCjLPqxtCStTaWZE)
D002 - French terry loungers - SAND,"""YOU WATCHED ME LOSE MY MIND""
<br/>
Premium french terry for ultimate quality & durability (375gsm)
<br/>
Cut & sewn for optimal drape and oversized fit
<br/>
High quality puff print design
<br/>
Zippered front pockets with open rear pockets
<br/>
Adjustable waist drawstring 
<br/>
<br/>
Note: This item is ready to ship
<br/>
<br/>
S-M [Standard]: 29-34” waist, 42-1/2” length
<br/>
L-XL: 35-38"" waist, 43-1/2"" length",$140.00,"beigewhiteproduct.jpg (https://v5.airtableusercontent.com/v3/u/48/48/1766340000000/35mKWv6n9-H92fxFGA5pDw/-BxAka83kttp0CjNqQmbM_qZT1KHRgzUsY-ttruL2M8HET9qlKpR8ezYi4ib1LNvSrssbWIc7W69KUSNcKp6C5HiN25KNyH67OicEgxB87rFP0Fv__wp_0Q3rmASrQ8qkUgv5E4sUqz5gTBC7vuk9wgiHnkxf9xO64fYq9yNut8/l0oXhdJCs8VrliLx5b2wPTenUzPqEBbG13syueeH5pw),beigeslantedwhite.jpg (https://v5.airtableusercontent.com/v3/u/48/48/1766340000000/i-5bHqY_bYd_Okq3ADfeHQ/zdXXRotAK2CMaHjraggDJif3wDc6maLD2R4A2VGaZ5QKFb0cI69n-6XpvaguWk53t_vZX05pAjW9YSABP7n3Kk3R3-phWJ04e0LtWmzhkguZEXzk86HLgL5qSB2eht83C4Ta_b4sSLjJhWb2j_FnUDoUy5r7OM87wV1uM933S-4/URSf8NNapSEHv_02G2mT99oQBBJLfEGsZAXbXKBkj5s)",beigewhitevid.mp4 (https://v5.airtableusercontent.com/v3/u/48/48/1766340000000/hC2Cy56DNB0apds-9H5P0g/EN-2Q6J1B9w8tx4Sls28gRXR48zEOdsRbpW0BWgGVwb45HvmvPorHxtamGw05g_y_bT7ZrQyBuJvskq_yj1jEScnDNLCupbth_4mKsXK_KKhaCEwQy2v_2IojFTIBMkGrdUqj1-FANhrj3djzt-1Rw/QRHYUSasIMAAzDNgSgV8ZCigrQhiacIXjgixs-dcGlM),S-M,checked,BLACKPANTS-1080.mp4 (https://v5.airtableusercontent.com/v3/u/48/48/1766340000000/o3ixQ9ezA1TOeIdiXyzDjg/pVj1nSDKSnttiyRYSVgK2x8iG0sjLgGK7ptlldeSYmTVtUFPfM3tIlhu6IkgrNYiA895OqPj10YyX9Q2qsRlhfl7lv2WvxIZmF-9T39CLHXnwYDpMzPS-xfYa4PuLZcO2SskNeIfAwAGZ1jJWUQobg/puqF6eCJw2LTazrWjkHSgbN9TjzDJBx8-jBGUuX5Ms8)
D005 - Oversized Underwater Hoodie: TAUPE,"""I CAN BREATHE DOWN UNDERWATER""
<br/>
<br/>
Premium heavyweight fleece for ultimate quality & durability
<br/>
100% puff print design
<br/>
Cut & sewn for optimal drape and oversized fit
<br/>
High quality puff print design
<br/>
Oversized hood & kangaroo pouch
<br/>
<br/>
Note: This item fits oversized and is ready to ship. 
<br/>
Local pickup & shipping options available
<br/>
<br/>
Sizing:
<br/>
One Size (Standard): 27-1/2” chest, 29” length
<br/>
XL: 28-1/2"" chest, 30"" length",$160.00,"IMG_3586.jpg (https://v5.airtableusercontent.com/v3/u/48/48/1766340000000/mhDgUDVDBGmtNGsY89fKTQ/8FmpDw845UmrobPc3q0OILpd5PW2xcuwQI6nykuVwZQy4aAXYjecVaq12LQjBNqZ2y5g4UXNL8yRw8BMcCkyomaJAean3NGwc_h6EyQxKePYZMIzU8BoiY9cYW1s4cpv_12MQlBnLlAKNmRS4jurEw/NY_P4ph83PBLd77jKFXbaSEBfuHGz5Ivo8sHzfPNeUo),IMG_3587.jpg (https://v5.airtableusercontent.com/v3/u/48/48/1766340000000/mpcMfFC6t8t_h3GP5UgkZg/0SOfb9vJHxB-wsQ7Bt3Dr-QZYI3oYlZH_YPEjweKn1GjGCKFL2nIgVZPZxv8lmYo90oyQ-2j_8vF_EalxqLibzlfPhIsRJ8qiYMcNdFsxr7Z8taMhjtzM7OUWO9tpJGpAsgw_UqvuOZOvz18bMXMfQ/XcmnldFyMvnDZS3Wve5eALboGp33fvJDpMRcM313qpI)",TAUPEHOODIE.MP4 (https://v5.airtableusercontent.com/v3/u/48/48/1766340000000/2WQ5HvcUjMf0AUo2NrcsRw/ByxO6jPSh-yQsdpxbdaH66ZfoJU3-q7J4E4op6TMgVbJLQGSCkvan4jZ_GZDCMlL35PisJEoGfDWOxE4UtP6jtVGE-YRvbESIgMsL8M-hfOUVB4q6bSDVLzspsl5fFgzWJAnDA7i6i1dhzlf567brg/qm9CTxQ0GZwkFyBypYwc-o0XIYpc5YCh0nSNngj0Nos),"One Size, XL",checked,BLACKPANTS-1080.mp4 (https://v5.airtableusercontent.com/v3/u/48/48/1766340000000/o3ixQ9ezA1TOeIdiXyzDjg/pVj1nSDKSnttiyRYSVgK2x8iG0sjLgGK7ptlldeSYmTVtUFPfM3tIlhu6IkgrNYiA895OqPj10YyX9Q2qsRlhfl7lv2WvxIZmF-9T39CLHXnwYDpMzPS-xfYa4PuLZcO2SskNeIfAwAGZ1jJWUQobg/puqF6eCJw2LTazrWjkHSgbN9TjzDJBx8-jBGUuX5Ms8)
D005 - Oversized Underwater Hoodie: ONYX,"""I CAN BREATHE DOWN UNDERWATER""
<br/>
<br/>
Premium heavyweight fleece for ultimate quality & durability
<br/>
100% puff print design
<br/>
Cut & sewn for optimal drape and oversized fit
<br/>
High quality puff print design
<br/>
Oversized hood & kangaroo pouch
<br/>
<br/>
Note: This item fits oversized and is ready to ship. 
<br/>
Local pickup & shipping options available
<br/>
<br/>
Sizing:
<br/>
One Size (Standard): 27-1/2” chest, 29” length
<br/>
XL: 28-1/2"" chest, 30"" length",$160.00,"IMG_3940.jpg (https://v5.airtableusercontent.com/v3/u/48/48/1766340000000/jvD0r0M57lFrkgWAb3YOOg/JN-CGM8bG-wWKd6voS9tPKL0ZaVLDKdvHTUQMfUBthBzFQemwjFUvx1p2XDuQJOjlBTXRE-MWQvKMwMI9KwsY5dJXqwU1vX1MgfqwfyV88kW11wF2w5ZAkE7WEuZ9UK5Wwj55faagGRt9zadxP-hHA/iP01i4XzaP30istBJY2ndenbLNV9q3kXVt92ZHcQeWo),IMG_3942.jpg (https://v5.airtableusercontent.com/v3/u/48/48/1766340000000/RLekmTojL6cL9GMedw3mJQ/DzBFAR6MnK-FZ3bMdMQS1W6GaFsHJGdbt_Ksu_jDPGsYE6dT_XVpi17sFekMchc15_0_tm7M0OP6UMBekasqOVam8nB12AQFFFxEp_5VIsT3xeVRd6oTgfIvLlFMF-uflMgW55ykJxSDkIL8v6T3GQ/3BzWbUt6M7dR958MJSIYAuNxIGp05H0mqe_qAr5aPNY)",BLACKHOODIE.MP4 (https://v5.airtableusercontent.com/v3/u/48/48/1766340000000/-TrpZDOxfsR-a5ZyN0XCyg/F3HxJ7Ga2r7yRYrWVdImH7F0DJRyPlXmnI5n8zzNG2LaOhYQxCbY5Y-7fCEUnD56kHVdKQa1Xkt0vtcz6AKEYH2UgmphChNc0pk1cgYKMn9rnXjjCGLym35a0wJhL4AIJvC7wWCLjUwb3_K6E7Ft7w/cCuY4WKSI__WjEgkJxPlu2M8hs1yXn8-bRwMJC__1Bc),"One Size, XL",checked,BLACKHOODIE.MP4 (https://v5.airtableusercontent.com/v3/u/48/48/1766340000000/cOmCsux5LrdU39TdqS3S4g/HEucJ91YYG1TxGeyEuMFrcxTrrTasspYIqSaG-Knovfnk18hy0KOm1CFD_VM6ZKnsWbSgzJFuTl--GPtpMuLVVWfAVrgt9tR-OoAK_MxuGOkeJG4ct6OwNJpQXnpUrUccRbYbNhMab6ffhihy40Bow/vL31DOCBjJ5HqOgP2aDSsQ-kxTj_MppN2cUJ-RztQSs)
D002 - French terry loungers - ONYX,"""YOU WATCHED ME LOSE MY MIND""
<br/>
Premium french terry for ultimate quality & durability (375gsm)
<br/>
Cut & sewn for optimal drape and oversized fit
<br/>
High quality puff print design
<br/>
Zippered front pockets with open rear pockets
<br/>
Adjustable waist drawstring 
<br/>
<br/>
Note: This item is ready to ship
<br/>
<br/>
S-M [Standard]: 29-34” waist, 42-1/2” length
<br/>
L-XL: 35-38"" waist, 43-1/2"" length",$140.00,"BLACKFRONT1080.jpg (https://v5.airtableusercontent.com/v3/u/48/48/1766340000000/-6fc4GvgMN4_fG3as_7Glw/3aCtt7RbBXuGGoZQlk9x40U1uHVtM03qqyRf_QPlo3B5u-qFxFeTElOrQXWACka8xBnDSGATc5QZhncCKvDjSwEIV9MMPjTq2xdUIba9c8I5EgkYANmjbfQQDq7D7tCUXrLGw7kv6_XPtDiQ7A8FRA/dGqBRS-Kgs60BGht_dw_zHqBEa9aLIJgmx1Q7fiMtHs),BLACKFRONT1080.jpg (https://v5.airtableusercontent.com/v3/u/48/48/1766340000000/fC1dI3RotJTScrppdvbe2g/XThd1KD8Chj5u3HY8qbyX26HzLihjMHuFdv8mfGQ7h6Uh3jw37f2X5yE0ParqXRUjIu_eNLDiymTlJvmIA1KVmNsMp8eOVXrRGAxUqPqYSw38vm_w8OZAnO1KqxduQNgTo-mTa1ht_3zUERvcHEgQA/G0wj04-8UqpACQ4QElQw7poVnrjrcbxzH4nl2QVUlHQ)",BLACKPANTS-1080.mp4 (https://v5.airtableusercontent.com/v3/u/48/48/1766340000000/gY9WAAghNuG_abp7Js2mCw/yaPCmMLzCjJ34xr92DVUxNUzgrbeeZBKyYInaqiJZxmU_ceMtF8VFf_kG7bV_9vvO34lw6NkZtGCi6urTfXT9VURd9O_-poUBxEbpVdhr1uRs0zyEgTE2_LmiUbUbbGZCfNpFM73U3r7GGEttEe0Tw/4zLBd9EngixkLA6rsLnW0s717799UZtlWj8FtE32k0s),,checked,